Workbook

Sheet README
A1: SMB4 Grade Calculator + Fictional Player Generator
A3: This workbook is designed for upload to Google Sheets.
A5: Tabs:
A6: - Calculator: exact improved scorer for manual player inputs.
A7: - Generator: heuristic random generator that scores the result with the same exact model.
A8: - Archetype_Presets: roster templates for balanced/power/speed-defense/bullpen-heavy teams.
A9: - Lookup tabs: grade thresholds, trait polarity, versatility, position coefficients, trait coefficients, pitch coefficients.
A11: Model factors included:
A12: - Primary position
A13: - Secondary position and combo positions
A14: - Bats / Throws
A15: - Positive and negative traits
... A22: - The Generator tab is a heuristic starter; final grade shown there is exact for the generated line.

Sheet Grade_Scale
A1: LowerBound | B1: GradeIdx | C1: Grade | D1: Center | E1: GradeIdxByGrade
A2: 0 | B2: 0 | C2: F | D2: 15 | E2: 0
A3: 18.5 | B3: 1 | C3: E- | D3: 22 | E3: 1
A4: 24.5 | B4: 2 | C4: E | D4: 27 | E4: 2
A5: 29.5 | B5: 3 | C5: E+ | D5: 32 | E5: 3
A6: 34.5 | B6: 4 | C6: D- | D6: 37 | E6: 4
A7: 39.5 | B7: 5 | C7: D | D7: 42 | E7: 5
A8: 44.5 | B8: 6 | C8: D+ | D8: 47 | E8: 6
A9: 49.5 | B9: 7 | C9: C- | D9: 52 | E9: 7
A10: 54.5 | B10: 8 | C10: C | D10: 57 | E10: 8
A11: 59.5 | B11: 9 | C11: C+ | D11: 62 | E11: 9
A12: 64.5 | B12: 10 | C12: B- | D12: 67 | E12: 10
A13: 69.5 | B13: 11 | C13: B | D13: 72 | E13: 11
... A18: 94.5 | B18: 16 | C18: S | D18: 97 | E18: 16

Sheet Trait_Polarity
A1: Trait | B1: PosFlag | C1: NegFlag | D1: Polarity
A2: Ace Exterminator | B2: 1 | C2: 0 | D2: Positive
A3: BB Prone | B3: 0 | C3: 1 | D3: Negative
A4: Bad Ball Hitter | B4: 1 | C4: 0 | D4: Positive
A5: Bad Jumps | B5: 0 | C5: 1 | D5: Negative
A6: Base Jogger | B6: 0 | C6: 1 | D6: Negative
A7: Base Rounder | B7: 1 | C7: 0 | D7: Positive
A8: Big Hack | B8: 1 | C8: 0 | D8: Positive
A9: Bunter | B9: 1 | C9: 0 | D9: Positive
A10: Butter Fingers | B10: 0 | C10: 1 | D10: Negative
A11: CON vs LHP | B11: 1 | C11: 0 | D11: Positive
A12: CON vs RHP | B12: 1 | C12: 0 | D12: Positive
A13: Cannon Arm | B13: 1 | C13: 0 | D13: Positive
... A74: Wild Thrower | B74: 0 | C74: 1 | D74: Negative

Sheet Secondary_Versatility
A1: SecondaryPos | B1: Versatility
A2: (none) | B2: 0
A3: 1B | B3: 1
A4: 1B/OF | B4: 4
A5: 2B | B5: 1
A6: 3B | B6: 1
A7: C | B7: 1
A8: IF | B8: 4
A9: IF/OF | B9: 7
A10: LF | B10: 1
A11: OF | B11: 3
A12: RF | B12: 1
A13: SS | B13: 1

Sheet Hitter_Primary_Coef
A1: PrimaryPos | B1: Coef
A2: 1B | B2: 0
A3: 2B | B3: 0.83135256
A4: 3B | B4: -1.2668028
A5: C | B5: 2.2997745
A6: CF | B6: 0.66370322
A7: LF | B7: -0.56142293
A8: RF | B8: -0.19631779
A9: SS | B9: 0.1115303

Sheet Hitter_Secondary_Coef
A1: SecondaryPos | B1: Coef
A2: (none) | B2: 0
A3: 1B | B3: -0.07439251
A4: 1B/OF | B4: -0.91645655
A5: 2B | B5: 0.83983622
A6: 3B | B6: 0.30355125
A7: C | B7: -0.87216952
A8: IF | B8: 0.52885176
A9: IF/OF | B9: 0
A10: LF | B10: 0.06949358
A11: OF | B11: 0.17761577
A12: RF | B12: -0.46084558
A13: SS | B13: 0.71159808

Sheet Pitcher_Primary_Coef
A1: PrimaryPos | B1: Coef
A2: CP | B2: 0
A3: RP | B3: 0.014342387
A4: SP | B4: 0.23616132
A5: SP/RP | B5: -1.0149996

Sheet Hitter_Trait_Coef
A1: Trait | B1: Coef
A2: Bad Ball Hitter | B2: -0.45929401
A3: Big Hack | B3: -0.21924405
A4: Cannon Arm | B4: -0.54176389
A5: Fastball Hitter | B5: 2.4542565
A6: First Pitch Slayer | B6: 0.6985888
A7: Little Hack | B7: -1.270831
A8: Magic Hands | B8: -0.83104861
A9: Mind Gamer | B9: 1.5014276
A10: Rally Starter | B10: -0.1998738
A11: Sprinter | B11: -0.28168254
A12: Utility | B12: -0.30522167
A13: Whiffer | B13: -0.7381706

Sheet Pitcher_Trait_Coef
A1: Trait | B1: Coef
A2: Crossed Up | B2: 1.5628439
A3: Elite 2F | B3: -0.52804841
A4: Elite 4F | B4: 0.41675634
A5: Elite CB | B5: -0.23192641
A6: Elite CF | B6: 0.75794199
A7: Elite FK | B7: 0.48548048
A8: Falls Behind | B8: -0.99760523
A9: Gets Ahead | B9: 1.0320911
A10: K Collector | B10: 0.90874619
A11: Rally Stopper | B11: -1.1328476
A12: Specialist | B12: 2.1540725
A13: Volatile | B13: 1.6516085

Sheet Pitch_Coef
A1: Pitch | B1: Coef
A2: 2F | B2: 0.47319247
A3: 4F | B3: 0.63218555
A4: CB | B4: 0.19944583
A5: CF | B5: 0.45933165
A6: CH | B6: 0.041150086
A7: FK | B7: -0.48828088
A8: SB | B8: 0.10404019
A9: SL | B9: -0.41196265

Sheet Archetype_Presets
A1: Archetype | B1: C | C1: 1B | D1: 2B | E1: 3B | F1: SS | G1: LF | H1: CF | I1: RF | J1: SP | K1: SP/RP | L1: RP | M1: CP | N1: Total
A2: balanced | B2: 2 | C2: 2 | D2: 2 | E2: 1 | F2: 1 | G2: 2 | H2: 1 | I2: 2 | J2: 4 | K2: 1 | L2: 3 | M2: 1 | N2: 22
A3: power-heavy | B3: 2 | C3: 3 | D3: 1 | E3: 2 | F3: 1 | G3: 2 | H3: 1 | I3: 2 | J3: 4 | K3: 1 | L3: 2 | M3: 1 | N3: 22
A4: speed-defense | B4: 2 | C4: 1 | D4: 2 | E4: 1 | F4: 2 | G4: 1 | H4: 2 | I4: 1 | J4: 4 | K4: 1 | L4: 4 | M4: 1 | N4: 22
A5: bullpen-heavy | B5: 2 | C5: 1 | D5: 2 | E5: 1 | F5: 2 | G5: 1 | H5: 1 | I5: 1 | J5: 3 | K5: 2 | L5: 5 | M5: 1 | N5: 22

Sheet Calculator
A1: Name | B1: PrimaryPos | C1: SecondaryPos | D1: Bats | E1: Throws | F1: Trait1 | G1: Trait2 | H1: Arsenal | I1: POW | J1: CON | K1: SPD | L1: FLD | M1: ARM | N1: VEL | O1: JNK | P1: ACC | Q1: PlayerType | R1: PosTraits | S1: NegTraits | T1: Versatility | U1: ArsenalCount | V1: BaseWeighted | W1: TraitCoef | X1: PrimaryCoef | Y1: SecondaryCoef | Z1: PitchCoef | AA1: NumericScore | AB1: GradeIdx | AC1: Grade | AD1: TargetGrade | AE1: DeltaIdx (Pred-Target) | AF1: Notes
Q2: =IF(OR(B2="SP",B2="RP",B2="CP",B2="SP/RP"),"P","H") | R2: =IF(F2="",0,IFNA(VLOOKUP(F2,Trait_Polarity!$A:$C,2,FALSE),0))+IF(G2="",0,IFNA(VLOOKUP(G2,Trait_Polarity!$A:$C,2,FALSE),0)) | S2: =IF(F2="",0,IFNA(VLOOKUP(F2,Trait_Polarity!$A:$C,3,FALSE),0))+IF(G2="",0,IFNA(VLOOKUP(G2,Trait_Polarity!$A:$C,3,FALSE),0)) | T2: =IF(Q2="P",0,IFNA(VLOOKUP(IF(C2="","(none)",C2),Secondary_Versatility!$A:$B,2,FALSE),0)) | U2: =IF(H2="",0,LEN(H2)-LEN(SUBSTITUTE(H2,"|",""))+1) | V2: =IF(Q2="P",(N2+O2+P2)/3,0.3*I2+0.3*J2+0.2*K2+0.1*L2+0.1*M2) | W2: =IF(Q2="P",IF(F2="",0,IFNA(VLOOKUP(F2,Pitcher_Trait_Coef!$A:$B,2,FALSE),0))+IF(G2="",0,IFNA(VLOOKUP(G2,Pitcher_Trait_Coef!$A:$B,2,FALSE),0)),IF(F2="",0,IFNA(VLOOKUP(F2,Hitter_Trait_Coef!$A:$B,2,FALSE),0))+IF(G2="",0,IFNA(VLOOKUP(G2,Hitter_Trait_Coef!$A:$B,2,FALSE),0))) | X2: =IF(Q2="P",IFNA(VLOOKUP(B2,Pitcher_Primary_Coef!$A:$B,2,FALSE),0),IFNA(VLOOKUP(B2,Hitter_Primary_Coef!$A:$B,2,FALSE),0)) | Y2: =IF(Q2="P",0,IFNA(VLOOKUP(IF(C2="","(none)",C2),Hitter_Secondary_Coef!$A:$B,2,FALSE),0)) | Z2: =IF(Q2="P",IF(ISNUMBER(SEARCH("2F",H2)),IFNA(VLOOKUP("2F",Pitch_Coef!$A:$B,2,FALSE),0),0)+IF(ISNUMBER(SEARCH("4F",H2)),IFNA(VLOOKUP("4F",Pitch_Coef!$A:$B,2,FALSE),0),0)+IF(ISNUMBER(SEARCH("CB",H2)),IFNA(VLOOKUP("CB",Pitch_Coef!$A:$B,2,FALSE),0),0)+IF(ISNUMBER(SEARCH("CF",H2)),IFNA(VLOOKUP("CF",Pitch_Coef!$A:$B,2,FALSE),0),0)+IF(ISNUMBER(SEARCH("CH",H2)),IFNA(VLOOKUP("CH",Pitch_Coef!$A:$B,2,FALSE),0),0)+IF(ISNUMBER(SEARCH("FK",H2)),IFNA(VLOOKUP("FK",Pitch_Coef!$A:$B,2,FALSE),0),0)+IF(ISNUMBER(SEARCH("SB",H2)),IFNA(VLOOKUP("SB",Pitch_Coef!$A:$B,2,FALSE),0),0)+IF(ISNUMBER(SEARCH("SL",H2)),IFNA(VLOOKUP("SL",Pitch_Coef!$A:$B,2,FALSE),0),0),0) | AA2: =IF(Q2="P",16.5944849573+0.2529999141*N2+0.2665900378*O2+0.2632687105*P2+0.0427586837*I2+0.0534777057*J2+0.009015832*K2+0.0204898106*(O2*P2/100)+1.0091022427*U2+1.0968542297*IF(D2="L",1,0)+0.3771555045*IF(D2="S",1,0)-0.2226159177*IF(E2="L",1,0)+1.21385024*R2-1.1652812274*S2+W2+X2+Z2,10.5965166711+0.2825983581*I2+0.2806503532*J2+0.2027213083*K2+0.1147824982*L2+0.0915305332*M2-0.0088454122*(I2*J2/100)-0.0336045706*(K2*L2/100)+2.8497389733*IF(D2="L",1,0)+4.5116226727*IF(D2="S",1,0)-0.6571546448*IF(E2="L",1,0)+0.0850728147*T2+0.0129488446*(T2*T2)+0.1909373936*IF(OR(F2="Utility",G2="Utility"),T2,0)+0.9656824071*R2-1.7517683256*S2+W2+X2+Y2) | AB2: =LOOKUP(AA2,Grade_Scale!$A$2:$A$18,Grade_Scale!$B$2:$B$18) | AC2: =LOOKUP(AA2,Grade_Scale!$A$2:$A$18,Grade_Scale!$C$2:$C$18) | AE2: =IF(AD2="","",AB2-VLOOKUP(AD2,Grade_Scale!$C$2:$E$18,3,FALSE))
Q3: =IF(OR(B3="SP",B3="RP",B3="CP",B3="SP/RP"),"P","H") | R3: =IF(F3="",0,IFNA(VLOOKUP(F3,Trait_Polarity!$A:$C,2,FALSE),0))+IF(G3="",0,IFNA(VLOOKUP(G3,Trait_Polarity!$A:$C,2,FALSE),0)) | S3: =IF(F3="",0,IFNA(VLOOKUP(F3,Trait_Polarity!$A:$C,3,FALSE),0))+IF(G3="",0,IFNA(VLOOKUP(G3,Trait_Polarity!$A:$C,3,FALSE),0)) | T3: =IF(Q3="P",0,IFNA(VLOOKUP(IF(C3="","(none)",C3),Secondary_Versatility!$A:$B,2,FALSE),0)) | U3: =IF(H3="",0,LEN(H3)-LEN(SUBSTITUTE(H3,"|",""))+1) | V3: =IF(Q3="P",(N3+O3+P3)/3,0.3*I3+0.3*J3+0.2*K3+0.1*L3+0.1*M3) | W3: =IF(Q3="P",IF(F3="",0,IFNA(VLOOKUP(F3,Pitcher_Trait_Coef!$A:$B,2,FALSE),0))+IF(G3="",0,IFNA(VLOOKUP(G3,Pitcher_Trait_Coef!$A:$B,2,FALSE),0)),IF(F3="",0,IFNA(VLOOKUP(F3,Hitter_Trait_Coef!$A:$B,2,FALSE),0))+IF(G3="",0,IFNA(VLOOKUP(G3,Hitter_Trait_Coef!$A:$B,2,FALSE),0))) | X3: =IF(Q3="P",IFNA(VLOOKUP(B3,Pitcher_Primary_Coef!$A:$B,2,FALSE),0),IFNA(VLOOKUP(B3,Hitter_Primary_Coef!$A:$B,2,FALSE),0)) | Y3: =IF(Q3="P",0,IFNA(VLOOKUP(IF(C3="","(none)",C3),Hitter_Secondary_Coef!$A:$B,2,FALSE),0)) | Z3: =IF(Q3="P",IF(ISNUMBER(SEARCH("2F",H3)),IFNA(VLOOKUP("2F",Pitch_Coef!$A:$B,2,FALSE),0),0)+IF(ISNUMBER(SEARCH("4F",H3)),IFNA(VLOOKUP("4F",Pitch_Coef!$A:$B,2,FALSE),0),0)+IF(ISNUMBER(SEARCH("CB",H3)),IFNA(VLOOKUP("CB",Pitch_Coef!$A:$B,2,FALSE),0),0)+IF(ISNUMBER(SEARCH("CF",H3)),IFNA(VLOOKUP("CF",Pitch_Coef!$A:$B,2,FALSE),0),0)+IF(ISNUMBER(SEARCH("CH",H3)),IFNA(VLOOKUP("CH",Pitch_Coef!$A:$B,2,FALSE),0),0)+IF(ISNUMBER(SEARCH("FK",H3)),IFNA(VLOOKUP("FK",Pitch_Coef!$A:$B,2,FALSE),0),0)+IF(ISNUMBER(SEARCH("SB",H3)),IFNA(VLOOKUP("SB",Pitch_Coef!$A:$B,2,FALSE),0),0)+IF(ISNUMBER(SEARCH("SL",H3)),IFNA(VLOOKUP("SL",Pitch_Coef!$A:$B,2,FALSE),0),0),0) | AA3: =IF(Q3="P",16.5944849573+0.2529999141*N3+0.2665900378*O3+0.2632687105*P3+0.0427586837*I3+0.0534777057*J3+0.009015832*K3+0.0204898106*(O3*P3/100)+1.0091022427*U3+1.0968542297*IF(D3="L",1,0)+0.3771555045*IF(D3="S",1,0)-0.2226159177*IF(E3="L",1,0)+1.21385024*R3-1.1652812274*S3+W3+X3+Z3,10.5965166711+0.2825983581*I3+0.2806503532*J3+0.2027213083*K3+0.1147824982*L3+0.0915305332*M3-0.0088454122*(I3*J3/100)-0.0336045706*(K3*L3/100)+2.8497389733*IF(D3="L",1,0)+4.5116226727*IF(D3="S",1,0)-0.6571546448*IF(E3="L",1,0)+0.0850728147*T3+0.0129488446*(T3*T3)+0.1909373936*IF(OR(F3="Utility",G3="Utility"),T3,0)+0.9656824071*R3-1.7517683256*S3+W3+X3+Y3) | AB3: =LOOKUP(AA3,Grade_Scale!$A$2:$A$18,Grade_Scale!$B$2:$B$18) | AC3: =LOOKUP(AA3,Grade_Scale!$A$2:$A$18,Grade_Scale!$C$2:$C$18) | AE3: =IF(AD3="","",AB3-VLOOKUP(AD3,Grade_Scale!$C$2:$E$18,3,FALSE))
Q4: =IF(OR(B4="SP",B4="RP",B4="CP",B4="SP/RP"),"P","H") | R4: =IF(F4="",0,IFNA(VLOOKUP(F4,Trait_Polarity!$A:$C,2,FALSE),0))+IF(G4="",0,IFNA(VLOOKUP(G4,Trait_Polarity!$A:$C,2,FALSE),0)) | S4: =IF(F4="",0,IFNA(VLOOKUP(F4,Trait_Polarity!$A:$C,3,FALSE),0))+IF(G4="",0,IFNA(VLOOKUP(G4,Trait_Polarity!$A:$C,3,FALSE),0)) | T4: =IF(Q4="P",0,IFNA(VLOOKUP(IF(C4="","(none)",C4),Secondary_Versatility!$A:$B,2,FALSE),0)) | U4: =IF(H4="",0,LEN(H4)-LEN(SUBSTITUTE(H4,"|",""))+1) | V4: =IF(Q4="P",(N4+O4+P4)/3,0.3*I4+0.3*J4+0.2*K4+0.1*L4+0.1*M4) | W4: =IF(Q4="P",IF(F4="",0,IFNA(VLOOKUP(F4,Pitcher_Trait_Coef!$A:$B,2,FALSE),0))+IF(G4="",0,IFNA(VLOOKUP(G4,Pitcher_Trait_Coef!$A:$B,2,FALSE),0)),IF(F4="",0,IFNA(VLOOKUP(F4,Hitter_Trait_Coef!$A:$B,2,FALSE),0))+IF(G4="",0,IFNA(VLOOKUP(G4,Hitter_Trait_Coef!$A:$B,2,FALSE),0))) | X4: =IF(Q4="P",IFNA(VLOOKUP(B4,Pitcher_Primary_Coef!$A:$B,2,FALSE),0),IFNA(VLOOKUP(B4,Hitter_Primary_Coef!$A:$B,2,FALSE),0)) | Y4: =IF(Q4="P",0,IFNA(VLOOKUP(IF(C4="","(none)",C4),Hitter_Secondary_Coef!$A:$B,2,FALSE),0)) | Z4: =IF(Q4="P",IF(ISNUMBER(SEARCH("2F",H4)),IFNA(VLOOKUP("2F",Pitch_Coef!$A:$B,2,FALSE),0),0)+IF(ISNUMBER(SEARCH("4F",H4)),IFNA(VLOOKUP("4F",Pitch_Coef!$A:$B,2,FALSE),0),0)+IF(ISNUMBER(SEARCH("CB",H4)),IFNA(VLOOKUP("CB",Pitch_Coef!$A:$B,2,FALSE),0),0)+IF(ISNUMBER(SEARCH("CF",H4)),IFNA(VLOOKUP("CF",Pitch_Coef!$A:$B,2,FALSE),0),0)+IF(ISNUMBER(SEARCH("CH",H4)),IFNA(VLOOKUP("CH",Pitch_Coef!$A:$B,2,FALSE),0),0)+IF(ISNUMBER(SEARCH("FK",H4)),IFNA(VLOOKUP("FK",Pitch_Coef!$A:$B,2,FALSE),0),0)+IF(ISNUMBER(SEARCH("SB",H4)),IFNA(VLOOKUP("SB",Pitch_Coef!$A:$B,2,FALSE),0),0)+IF(ISNUMBER(SEARCH("SL",H4)),IFNA(VLOOKUP("SL",Pitch_Coef!$A:$B,2,FALSE),0),0),0) | AA4: =IF(Q4="P",16.5944849573+0.2529999141*N4+0.2665900378*O4+0.2632687105*P4+0.0427586837*I4+0.0534777057*J4+0.009015832*K4+0.0204898106*(O4*P4/100)+1.0091022427*U4+1.0968542297*IF(D4="L",1,0)+0.3771555045*IF(D4="S",1,0)-0.2226159177*IF(E4="L",1,0)+1.21385024*R4-1.1652812274*S4+W4+X4+Z4,10.5965166711+0.2825983581*I4+0.2806503532*J4+0.2027213083*K4+0.1147824982*L4+0.0915305332*M4-0.0088454122*(I4*J4/100)-0.0336045706*(K4*L4/100)+2.8497389733*IF(D4="L",1,0)+4.5116226727*IF(D4="S",1,0)-0.6571546448*IF(E4="L",1,0)+0.0850728147*T4+0.0129488446*(T4*T4)+0.1909373936*IF(OR(F4="Utility",G4="Utility"),T4,0)+0.9656824071*R4-1.7517683256*S4+W4+X4+Y4) | AB4: =LOOKUP(AA4,Grade_Scale!$A$2:$A$18,Grade_Scale!$B$2:$B$18) | AC4: =LOOKUP(AA4,Grade_Scale!$A$2:$A$18,Grade_Scale!$C$2:$C$18) | AE4: =IF(AD4="","",AB4-VLOOKUP(AD4,Grade_Scale!$C$2:$E$18,3,FALSE))
Q5: =IF(OR(B5="SP",B5="RP",B5="CP",B5="SP/RP"),"P","H") | R5: =IF(F5="",0,IFNA(VLOOKUP(F5,Trait_Polarity!$A:$C,2,FALSE),0))+IF(G5="",0,IFNA(VLOOKUP(G5,Trait_Polarity!$A:$C,2,FALSE),0)) | S5: =IF(F5="",0,IFNA(VLOOKUP(F5,Trait_Polarity!$A:$C,3,FALSE),0))+IF(G5="",0,IFNA(VLOOKUP(G5,Trait_Polarity!$A:$C,3,FALSE),0)) | T5: =IF(Q5="P",0,IFNA(VLOOKUP(IF(C5="","(none)",C5),Secondary_Versatility!$A:$B,2,FALSE),0)) | U5: =IF(H5="",0,LEN(H5)-LEN(SUBSTITUTE(H5,"|",""))+1) | V5: =IF(Q5="P",(N5+O5+P5)/3,0.3*I5+0.3*J5+0.2*K5+0.1*L5+0.1*M5) | W5: =IF(Q5="P",IF(F5="",0,IFNA(VLOOKUP(F5,Pitcher_Trait_Coef!$A:$B,2,FALSE),0))+IF(G5="",0,IFNA(VLOOKUP(G5,Pitcher_Trait_Coef!$A:$B,2,FALSE),0)),IF(F5="",0,IFNA(VLOOKUP(F5,Hitter_Trait_Coef!$A:$B,2,FALSE),0))+IF(G5="",0,IFNA(VLOOKUP(G5,Hitter_Trait_Coef!$A:$B,2,FALSE),0))) | X5: =IF(Q5="P",IFNA(VLOOKUP(B5,Pitcher_Primary_Coef!$A:$B,2,FALSE),0),IFNA(VLOOKUP(B5,Hitter_Primary_Coef!$A:$B,2,FALSE),0)) | Y5: =IF(Q5="P",0,IFNA(VLOOKUP(IF(C5="","(none)",C5),Hitter_Secondary_Coef!$A:$B,2,FALSE),0)) | Z5: =IF(Q5="P",IF(ISNUMBER(SEARCH("2F",H5)),IFNA(VLOOKUP("2F",Pitch_Coef!$A:$B,2,FALSE),0),0)+IF(ISNUMBER(SEARCH("4F",H5)),IFNA(VLOOKUP("4F",Pitch_Coef!$A:$B,2,FALSE),0),0)+IF(ISNUMBER(SEARCH("CB",H5)),IFNA(VLOOKUP("CB",Pitch_Coef!$A:$B,2,FALSE),0),0)+IF(ISNUMBER(SEARCH("CF",H5)),IFNA(VLOOKUP("CF",Pitch_Coef!$A:$B,2,FALSE),0),0)+IF(ISNUMBER(SEARCH("CH",H5)),IFNA(VLOOKUP("CH",Pitch_Coef!$A:$B,2,FALSE),0),0)+IF(ISNUMBER(SEARCH("FK",H5)),IFNA(VLOOKUP("FK",Pitch_Coef!$A:$B,2,FALSE),0),0)+IF(ISNUMBER(SEARCH("SB",H5)),IFNA(VLOOKUP("SB",Pitch_Coef!$A:$B,2,FALSE),0),0)+IF(ISNUMBER(SEARCH("SL",H5)),IFNA(VLOOKUP("SL",Pitch_Coef!$A:$B,2,FALSE),0),0),0) | AA5: =IF(Q5="P",16.5944849573+0.2529999141*N5+0.2665900378*O5+0.2632687105*P5+0.0427586837*I5+0.0534777057*J5+0.009015832*K5+0.0204898106*(O5*P5/100)+1.0091022427*U5+1.0968542297*IF(D5="L",1,0)+0.3771555045*IF(D5="S",1,0)-0.2226159177*IF(E5="L",1,0)+1.21385024*R5-1.1652812274*S5+W5+X5+Z5,10.5965166711+0.2825983581*I5+0.2806503532*J5+0.2027213083*K5+0.1147824982*L5+0.0915305332*M5-0.0088454122*(I5*J5/100)-0.0336045706*(K5*L5/100)+2.8497389733*IF(D5="L",1,0)+4.5116226727*IF(D5="S",1,0)-0.6571546448*IF(E5="L",1,0)+0.0850728147*T5+0.0129488446*(T5*T5)+0.1909373936*IF(OR(F5="Utility",G5="Utility"),T5,0)+0.9656824071*R5-1.7517683256*S5+W5+X5+Y5) | AB5: =LOOKUP(AA5,Grade_Scale!$A$2:$A$18,Grade_Scale!$B$2:$B$18) | AC5: =LOOKUP(AA5,Grade_Scale!$A$2:$A$18,Grade_Scale!$C$2:$C$18) | AE5: =IF(AD5="","",AB5-VLOOKUP(AD5,Grade_Scale!$C$2:$E$18,3,FALSE))
Q6: =IF(OR(B6="SP",B6="RP",B6="CP",B6="SP/RP"),"P","H") | R6: =IF(F6="",0,IFNA(VLOOKUP(F6,Trait_Polarity!$A:$C,2,FALSE),0))+IF(G6="",0,IFNA(VLOOKUP(G6,Trait_Polarity!$A:$C,2,FALSE),0)) | S6: =IF(F6="",0,IFNA(VLOOKUP(F6,Trait_Polarity!$A:$C,3,FALSE),0))+IF(G6="",0,IFNA(VLOOKUP(G6,Trait_Polarity!$A:$C,3,FALSE),0)) | T6: =IF(Q6="P",0,IFNA(VLOOKUP(IF(C6="","(none)",C6),Secondary_Versatility!$A:$B,2,FALSE),0)) | U6: =IF(H6="",0,LEN(H6)-LEN(SUBSTITUTE(H6,"|",""))+1) | V6: =IF(Q6="P",(N6+O6+P6)/3,0.3*I6+0.3*J6+0.2*K6+0.1*L6+0.1*M6) | W6: =IF(Q6="P",IF(F6="",0,IFNA(VLOOKUP(F6,Pitcher_Trait_Coef!$A:$B,2,FALSE),0))+IF(G6="",0,IFNA(VLOOKUP(G6,Pitcher_Trait_Coef!$A:$B,2,FALSE),0)),IF(F6="",0,IFNA(VLOOKUP(F6,Hitter_Trait_Coef!$A:$B,2,FALSE),0))+IF(G6="",0,IFNA(VLOOKUP(G6,Hitter_Trait_Coef!$A:$B,2,FALSE),0))) | X6: =IF(Q6="P",IFNA(VLOOKUP(B6,Pitcher_Primary_Coef!$A:$B,2,FALSE),0),IFNA(VLOOKUP(B6,Hitter_Primary_Coef!$A:$B,2,FALSE),0)) | Y6: =IF(Q6="P",0,IFNA(VLOOKUP(IF(C6="","(none)",C6),Hitter_Secondary_Coef!$A:$B,2,FALSE),0)) | Z6: =IF(Q6="P",IF(ISNUMBER(SEARCH("2F",H6)),IFNA(VLOOKUP("2F",Pitch_Coef!$A:$B,2,FALSE),0),0)+IF(ISNUMBER(SEARCH("4F",H6)),IFNA(VLOOKUP("4F",Pitch_Coef!$A:$B,2,FALSE),0),0)+IF(ISNUMBER(SEARCH("CB",H6)),IFNA(VLOOKUP("CB",Pitch_Coef!$A:$B,2,FALSE),0),0)+IF(ISNUMBER(SEARCH("CF",H6)),IFNA(VLOOKUP("CF",Pitch_Coef!$A:$B,2,FALSE),0),0)+IF(ISNUMBER(SEARCH("CH",H6)),IFNA(VLOOKUP("CH",Pitch_Coef!$A:$B,2,FALSE),0),0)+IF(ISNUMBER(SEARCH("FK",H6)),IFNA(VLOOKUP("FK",Pitch_Coef!$A:$B,2,FALSE),0),0)+IF(ISNUMBER(SEARCH("SB",H6)),IFNA(VLOOKUP("SB",Pitch_Coef!$A:$B,2,FALSE),0),0)+IF(ISNUMBER(SEARCH("SL",H6)),IFNA(VLOOKUP("SL",Pitch_Coef!$A:$B,2,FALSE),0),0),0) | AA6: =IF(Q6="P",16.5944849573+0.2529999141*N6+0.2665900378*O6+0.2632687105*P6+0.0427586837*I6+0.0534777057*J6+0.009015832*K6+0.0204898106*(O6*P6/100)+1.0091022427*U6+1.0968542297*IF(D6="L",1,0)+0.3771555045*IF(D6="S",1,0)-0.2226159177*IF(E6="L",1,0)+1.21385024*R6-1.1652812274*S6+W6+X6+Z6,10.5965166711+0.2825983581*I6+0.2806503532*J6+0.2027213083*K6+0.1147824982*L6+0.0915305332*M6-0.0088454122*(I6*J6/100)-0.0336045706*(K6*L6/100)+2.8497389733*IF(D6="L",1,0)+4.5116226727*IF(D6="S",1,0)-0.6571546448*IF(E6="L",1,0)+0.0850728147*T6+0.0129488446*(T6*T6)+0.1909373936*IF(OR(F6="Utility",G6="Utility"),T6,0)+0.9656824071*R6-1.7517683256*S6+W6+X6+Y6) | AB6: =LOOKUP(AA6,Grade_Scale!$A$2:$A$18,Grade_Scale!$B$2:$B$18) | AC6: =LOOKUP(AA6,Grade_Scale!$A$2:$A$18,Grade_Scale!$C$2:$C$18) | AE6: =IF(AD6="","",AB6-VLOOKUP(AD6,Grade_Scale!$C$2:$E$18,3,FALSE))
Q7: =IF(OR(B7="SP",B7="RP",B7="CP",B7="SP/RP"),"P","H") | R7: =IF(F7="",0,IFNA(VLOOKUP(F7,Trait_Polarity!$A:$C,2,FALSE),0))+IF(G7="",0,IFNA(VLOOKUP(G7,Trait_Polarity!$A:$C,2,FALSE),0)) | S7: =IF(F7="",0,IFNA(VLOOKUP(F7,Trait_Polarity!$A:$C,3,FALSE),0))+IF(G7="",0,IFNA(VLOOKUP(G7,Trait_Polarity!$A:$C,3,FALSE),0)) | T7: =IF(Q7="P",0,IFNA(VLOOKUP(IF(C7="","(none)",C7),Secondary_Versatility!$A:$B,2,FALSE),0)) | U7: =IF(H7="",0,LEN(H7)-LEN(SUBSTITUTE(H7,"|",""))+1) | V7: =IF(Q7="P",(N7+O7+P7)/3,0.3*I7+0.3*J7+0.2*K7+0.1*L7+0.1*M7) | W7: =IF(Q7="P",IF(F7="",0,IFNA(VLOOKUP(F7,Pitcher_Trait_Coef!$A:$B,2,FALSE),0))+IF(G7="",0,IFNA(VLOOKUP(G7,Pitcher_Trait_Coef!$A:$B,2,FALSE),0)),IF(F7="",0,IFNA(VLOOKUP(F7,Hitter_Trait_Coef!$A:$B,2,FALSE),0))+IF(G7="",0,IFNA(VLOOKUP(G7,Hitter_Trait_Coef!$A:$B,2,FALSE),0))) | X7: =IF(Q7="P",IFNA(VLOOKUP(B7,Pitcher_Primary_Coef!$A:$B,2,FALSE),0),IFNA(VLOOKUP(B7,Hitter_Primary_Coef!$A:$B,2,FALSE),0)) | Y7: =IF(Q7="P",0,IFNA(VLOOKUP(IF(C7="","(none)",C7),Hitter_Secondary_Coef!$A:$B,2,FALSE),0)) | Z7: =IF(Q7="P",IF(ISNUMBER(SEARCH("2F",H7)),IFNA(VLOOKUP("2F",Pitch_Coef!$A:$B,2,FALSE),0),0)+IF(ISNUMBER(SEARCH("4F",H7)),IFNA(VLOOKUP("4F",Pitch_Coef!$A:$B,2,FALSE),0),0)+IF(ISNUMBER(SEARCH("CB",H7)),IFNA(VLOOKUP("CB",Pitch_Coef!$A:$B,2,FALSE),0),0)+IF(ISNUMBER(SEARCH("CF",H7)),IFNA(VLOOKUP("CF",Pitch_Coef!$A:$B,2,FALSE),0),0)+IF(ISNUMBER(SEARCH("CH",H7)),IFNA(VLOOKUP("CH",Pitch_Coef!$A:$B,2,FALSE),0),0)+IF(ISNUMBER(SEARCH("FK",H7)),IFNA(VLOOKUP("FK",Pitch_Coef!$A:$B,2,FALSE),0),0)+IF(ISNUMBER(SEARCH("SB",H7)),IFNA(VLOOKUP("SB",Pitch_Coef!$A:$B,2,FALSE),0),0)+IF(ISNUMBER(SEARCH("SL",H7)),IFNA(VLOOKUP("SL",Pitch_Coef!$A:$B,2,FALSE),0),0),0) | AA7: =IF(Q7="P",16.5944849573+0.2529999141*N7+0.2665900378*O7+0.2632687105*P7+0.0427586837*I7+0.0534777057*J7+0.009015832*K7+0.0204898106*(O7*P7/100)+1.0091022427*U7+1.0968542297*IF(D7="L",1,0)+0.3771555045*IF(D7="S",1,0)-0.2226159177*IF(E7="L",1,0)+1.21385024*R7-1.1652812274*S7+W7+X7+Z7,10.5965166711+0.2825983581*I7+0.2806503532*J7+0.2027213083*K7+0.1147824982*L7+0.0915305332*M7-0.0088454122*(I7*J7/100)-0.0336045706*(K7*L7/100)+2.8497389733*IF(D7="L",1,0)+4.5116226727*IF(D7="S",1,0)-0.6571546448*IF(E7="L",1,0)+0.0850728147*T7+0.0129488446*(T7*T7)+0.1909373936*IF(OR(F7="Utility",G7="Utility"),T7,0)+0.9656824071*R7-1.7517683256*S7+W7+X7+Y7) | AB7: =LOOKUP(AA7,Grade_Scale!$A$2:$A$18,Grade_Scale!$B$2:$B$18) | AC7: =LOOKUP(AA7,Grade_Scale!$A$2:$A$18,Grade_Scale!$C$2:$C$18) | AE7: =IF(AD7="","",AB7-VLOOKUP(AD7,Grade_Scale!$C$2:$E$18,3,FALSE))
Q8: =IF(OR(B8="SP",B8="RP",B8="CP",B8="SP/RP"),"P","H") | R8: =IF(F8="",0,IFNA(VLOOKUP(F8,Trait_Polarity!$A:$C,2,FALSE),0))+IF(G8="",0,IFNA(VLOOKUP(G8,Trait_Polarity!$A:$C,2,FALSE),0)) | S8: =IF(F8="",0,IFNA(VLOOKUP(F8,Trait_Polarity!$A:$C,3,FALSE),0))+IF(G8="",0,IFNA(VLOOKUP(G8,Trait_Polarity!$A:$C,3,FALSE),0)) | T8: =IF(Q8="P",0,IFNA(VLOOKUP(IF(C8="","(none)",C8),Secondary_Versatility!$A:$B,2,FALSE),0)) | U8: =IF(H8="",0,LEN(H8)-LEN(SUBSTITUTE(H8,"|",""))+1) | V8: =IF(Q8="P",(N8+O8+P8)/3,0.3*I8+0.3*J8+0.2*K8+0.1*L8+0.1*M8) | W8: =IF(Q8="P",IF(F8="",0,IFNA(VLOOKUP(F8,Pitcher_Trait_Coef!$A:$B,2,FALSE),0))+IF(G8="",0,IFNA(VLOOKUP(G8,Pitcher_Trait_Coef!$A:$B,2,FALSE),0)),IF(F8="",0,IFNA(VLOOKUP(F8,Hitter_Trait_Coef!$A:$B,2,FALSE),0))+IF(G8="",0,IFNA(VLOOKUP(G8,Hitter_Trait_Coef!$A:$B,2,FALSE),0))) | X8: =IF(Q8="P",IFNA(VLOOKUP(B8,Pitcher_Primary_Coef!$A:$B,2,FALSE),0),IFNA(VLOOKUP(B8,Hitter_Primary_Coef!$A:$B,2,FALSE),0)) | Y8: =IF(Q8="P",0,IFNA(VLOOKUP(IF(C8="","(none)",C8),Hitter_Secondary_Coef!$A:$B,2,FALSE),0)) | Z8: =IF(Q8="P",IF(ISNUMBER(SEARCH("2F",H8)),IFNA(VLOOKUP("2F",Pitch_Coef!$A:$B,2,FALSE),0),0)+IF(ISNUMBER(SEARCH("4F",H8)),IFNA(VLOOKUP("4F",Pitch_Coef!$A:$B,2,FALSE),0),0)+IF(ISNUMBER(SEARCH("CB",H8)),IFNA(VLOOKUP("CB",Pitch_Coef!$A:$B,2,FALSE),0),0)+IF(ISNUMBER(SEARCH("CF",H8)),IFNA(VLOOKUP("CF",Pitch_Coef!$A:$B,2,FALSE),0),0)+IF(ISNUMBER(SEARCH("CH",H8)),IFNA(VLOOKUP("CH",Pitch_Coef!$A:$B,2,FALSE),0),0)+IF(ISNUMBER(SEARCH("FK",H8)),IFNA(VLOOKUP("FK",Pitch_Coef!$A:$B,2,FALSE),0),0)+IF(ISNUMBER(SEARCH("SB",H8)),IFNA(VLOOKUP("SB",Pitch_Coef!$A:$B,2,FALSE),0),0)+IF(ISNUMBER(SEARCH("SL",H8)),IFNA(VLOOKUP("SL",Pitch_Coef!$A:$B,2,FALSE),0),0),0) | AA8: =IF(Q8="P",16.5944849573+0.2529999141*N8+0.2665900378*O8+0.2632687105*P8+0.0427586837*I8+0.0534777057*J8+0.009015832*K8+0.0204898106*(O8*P8/100)+1.0091022427*U8+1.0968542297*IF(D8="L",1,0)+0.3771555045*IF(D8="S",1,0)-0.2226159177*IF(E8="L",1,0)+1.21385024*R8-1.1652812274*S8+W8+X8+Z8,10.5965166711+0.2825983581*I8+0.2806503532*J8+0.2027213083*K8+0.1147824982*L8+0.0915305332*M8-0.0088454122*(I8*J8/100)-0.0336045706*(K8*L8/100)+2.8497389733*IF(D8="L",1,0)+4.5116226727*IF(D8="S",1,0)-0.6571546448*IF(E8="L",1,0)+0.0850728147*T8+0.0129488446*(T8*T8)+0.1909373936*IF(OR(F8="Utility",G8="Utility"),T8,0)+0.9656824071*R8-1.7517683256*S8+W8+X8+Y8) | AB8: =LOOKUP(AA8,Grade_Scale!$A$2:$A$18,Grade_Scale!$B$2:$B$18) | AC8: =LOOKUP(AA8,Grade_Scale!$A$2:$A$18,Grade_Scale!$C$2:$C$18) | AE8: =IF(AD8="","",AB8-VLOOKUP(AD8,Grade_Scale!$C$2:$E$18,3,FALSE))
Q9: =IF(OR(B9="SP",B9="RP",B9="CP",B9="SP/RP"),"P","H") | R9: =IF(F9="",0,IFNA(VLOOKUP(F9,Trait_Polarity!$A:$C,2,FALSE),0))+IF(G9="",0,IFNA(VLOOKUP(G9,Trait_Polarity!$A:$C,2,FALSE),0)) | S9: =IF(F9="",0,IFNA(VLOOKUP(F9,Trait_Polarity!$A:$C,3,FALSE),0))+IF(G9="",0,IFNA(VLOOKUP(G9,Trait_Polarity!$A:$C,3,FALSE),0)) | T9: =IF(Q9="P",0,IFNA(VLOOKUP(IF(C9="","(none)",C9),Secondary_Versatility!$A:$B,2,FALSE),0)) | U9: =IF(H9="",0,LEN(H9)-LEN(SUBSTITUTE(H9,"|",""))+1) | V9: =IF(Q9="P",(N9+O9+P9)/3,0.3*I9+0.3*J9+0.2*K9+0.1*L9+0.1*M9) | W9: =IF(Q9="P",IF(F9="",0,IFNA(VLOOKUP(F9,Pitcher_Trait_Coef!$A:$B,2,FALSE),0))+IF(G9="",0,IFNA(VLOOKUP(G9,Pitcher_Trait_Coef!$A:$B,2,FALSE),0)),IF(F9="",0,IFNA(VLOOKUP(F9,Hitter_Trait_Coef!$A:$B,2,FALSE),0))+IF(G9="",0,IFNA(VLOOKUP(G9,Hitter_Trait_Coef!$A:$B,2,FALSE),0))) | X9: =IF(Q9="P",IFNA(VLOOKUP(B9,Pitcher_Primary_Coef!$A:$B,2,FALSE),0),IFNA(VLOOKUP(B9,Hitter_Primary_Coef!$A:$B,2,FALSE),0)) | Y9: =IF(Q9="P",0,IFNA(VLOOKUP(IF(C9="","(none)",C9),Hitter_Secondary_Coef!$A:$B,2,FALSE),0)) | Z9: =IF(Q9="P",IF(ISNUMBER(SEARCH("2F",H9)),IFNA(VLOOKUP("2F",Pitch_Coef!$A:$B,2,FALSE),0),0)+IF(ISNUMBER(SEARCH("4F",H9)),IFNA(VLOOKUP("4F",Pitch_Coef!$A:$B,2,FALSE),0),0)+IF(ISNUMBER(SEARCH("CB",H9)),IFNA(VLOOKUP("CB",Pitch_Coef!$A:$B,2,FALSE),0),0)+IF(ISNUMBER(SEARCH("CF",H9)),IFNA(VLOOKUP("CF",Pitch_Coef!$A:$B,2,FALSE),0),0)+IF(ISNUMBER(SEARCH("CH",H9)),IFNA(VLOOKUP("CH",Pitch_Coef!$A:$B,2,FALSE),0),0)+IF(ISNUMBER(SEARCH("FK",H9)),IFNA(VLOOKUP("FK",Pitch_Coef!$A:$B,2,FALSE),0),0)+IF(ISNUMBER(SEARCH("SB",H9)),IFNA(VLOOKUP("SB",Pitch_Coef!$A:$B,2,FALSE),0),0)+IF(ISNUMBER(SEARCH("SL",H9)),IFNA(VLOOKUP("SL",Pitch_Coef!$A:$B,2,FALSE),0),0),0) | AA9: =IF(Q9="P",16.5944849573+0.2529999141*N9+0.2665900378*O9+0.2632687105*P9+0.0427586837*I9+0.0534777057*J9+0.009015832*K9+0.0204898106*(O9*P9/100)+1.0091022427*U9+1.0968542297*IF(D9="L",1,0)+0.3771555045*IF(D9="S",1,0)-0.2226159177*IF(E9="L",1,0)+1.21385024*R9-1.1652812274*S9+W9+X9+Z9,10.5965166711+0.2825983581*I9+0.2806503532*J9+0.2027213083*K9+0.1147824982*L9+0.0915305332*M9-0.0088454122*(I9*J9/100)-0.0336045706*(K9*L9/100)+2.8497389733*IF(D9="L",1,0)+4.5116226727*IF(D9="S",1,0)-0.6571546448*IF(E9="L",1,0)+0.0850728147*T9+0.0129488446*(T9*T9)+0.1909373936*IF(OR(F9="Utility",G9="Utility"),T9,0)+0.9656824071*R9-1.7517683256*S9+W9+X9+Y9) | AB9: =LOOKUP(AA9,Grade_Scale!$A$2:$A$18,Grade_Scale!$B$2:$B$18) | AC9: =LOOKUP(AA9,Grade_Scale!$A$2:$A$18,Grade_Scale!$C$2:$C$18) | AE9: =IF(AD9="","",AB9-VLOOKUP(AD9,Grade_Scale!$C$2:$E$18,3,FALSE))
Q10: =IF(OR(B10="SP",B10="RP",B10="CP",B10="SP/RP"),"P","H") | R10: =IF(F10="",0,IFNA(VLOOKUP(F10,Trait_Polarity!$A:$C,2,FALSE),0))+IF(G10="",0,IFNA(VLOOKUP(G10,Trait_Polarity!$A:$C,2,FALSE),0)) | S10: =IF(F10="",0,IFNA(VLOOKUP(F10,Trait_Polarity!$A:$C,3,FALSE),0))+IF(G10="",0,IFNA(VLOOKUP(G10,Trait_Polarity!$A:$C,3,FALSE),0)) | T10: =IF(Q10="P",0,IFNA(VLOOKUP(IF(C10="","(none)",C10),Secondary_Versatility!$A:$B,2,FALSE),0)) | U10: =IF(H10="",0,LEN(H10)-LEN(SUBSTITUTE(H10,"|",""))+1) | V10: =IF(Q10="P",(N10+O10+P10)/3,0.3*I10+0.3*J10+0.2*K10+0.1*L10+0.1*M10) | W10: =IF(Q10="P",IF(F10="",0,IFNA(VLOOKUP(F10,Pitcher_Trait_Coef!$A:$B,2,FALSE),0))+IF(G10="",0,IFNA(VLOOKUP(G10,Pitcher_Trait_Coef!$A:$B,2,FALSE),0)),IF(F10="",0,IFNA(VLOOKUP(F10,Hitter_Trait_Coef!$A:$B,2,FALSE),0))+IF(G10="",0,IFNA(VLOOKUP(G10,Hitter_Trait_Coef!$A:$B,2,FALSE),0))) | X10: =IF(Q10="P",IFNA(VLOOKUP(B10,Pitcher_Primary_Coef!$A:$B,2,FALSE),0),IFNA(VLOOKUP(B10,Hitter_Primary_Coef!$A:$B,2,FALSE),0)) | Y10: =IF(Q10="P",0,IFNA(VLOOKUP(IF(C10="","(none)",C10),Hitter_Secondary_Coef!$A:$B,2,FALSE),0)) | Z10: =IF(Q10="P",IF(ISNUMBER(SEARCH("2F",H10)),IFNA(VLOOKUP("2F",Pitch_Coef!$A:$B,2,FALSE),0),0)+IF(ISNUMBER(SEARCH("4F",H10)),IFNA(VLOOKUP("4F",Pitch_Coef!$A:$B,2,FALSE),0),0)+IF(ISNUMBER(SEARCH("CB",H10)),IFNA(VLOOKUP("CB",Pitch_Coef!$A:$B,2,FALSE),0),0)+IF(ISNUMBER(SEARCH("CF",H10)),IFNA(VLOOKUP("CF",Pitch_Coef!$A:$B,2,FALSE),0),0)+IF(ISNUMBER(SEARCH("CH",H10)),IFNA(VLOOKUP("CH",Pitch_Coef!$A:$B,2,FALSE),0),0)+IF(ISNUMBER(SEARCH("FK",H10)),IFNA(VLOOKUP("FK",Pitch_Coef!$A:$B,2,FALSE),0),0)+IF(ISNUMBER(SEARCH("SB",H10)),IFNA(VLOOKUP("SB",Pitch_Coef!$A:$B,2,FALSE),0),0)+IF(ISNUMBER(SEARCH("SL",H10)),IFNA(VLOOKUP("SL",Pitch_Coef!$A:$B,2,FALSE),0),0),0) | AA10: =IF(Q10="P",16.5944849573+0.2529999141*N10+0.2665900378*O10+0.2632687105*P10+0.0427586837*I10+0.0534777057*J10+0.009015832*K10+0.0204898106*(O10*P10/100)+1.0091022427*U10+1.0968542297*IF(D10="L",1,0)+0.3771555045*IF(D10="S",1,0)-0.2226159177*IF(E10="L",1,0)+1.21385024*R10-1.1652812274*S10+W10+X10+Z10,10.5965166711+0.2825983581*I10+0.2806503532*J10+0.2027213083*K10+0.1147824982*L10+0.0915305332*M10-0.0088454122*(I10*J10/100)-0.0336045706*(K10*L10/100)+2.8497389733*IF(D10="L",1,0)+4.5116226727*IF(D10="S",1,0)-0.6571546448*IF(E10="L",1,0)+0.0850728147*T10+0.0129488446*(T10*T10)+0.1909373936*IF(OR(F10="Utility",G10="Utility"),T10,0)+0.9656824071*R10-1.7517683256*S10+W10+X10+Y10) | AB10: =LOOKUP(AA10,Grade_Scale!$A$2:$A$18,Grade_Scale!$B$2:$B$18) | AC10: =LOOKUP(AA10,Grade_Scale!$A$2:$A$18,Grade_Scale!$C$2:$C$18) | AE10: =IF(AD10="","",AB10-VLOOKUP(AD10,Grade_Scale!$C$2:$E$18,3,FALSE))
Q11: =IF(OR(B11="SP",B11="RP",B11="CP",B11="SP/RP"),"P","H") | R11: =IF(F11="",0,IFNA(VLOOKUP(F11,Trait_Polarity!$A:$C,2,FALSE),0))+IF(G11="",0,IFNA(VLOOKUP(G11,Trait_Polarity!$A:$C,2,FALSE),0)) | S11: =IF(F11="",0,IFNA(VLOOKUP(F11,Trait_Polarity!$A:$C,3,FALSE),0))+IF(G11="",0,IFNA(VLOOKUP(G11,Trait_Polarity!$A:$C,3,FALSE),0)) | T11: =IF(Q11="P",0,IFNA(VLOOKUP(IF(C11="","(none)",C11),Secondary_Versatility!$A:$B,2,FALSE),0)) | U11: =IF(H11="",0,LEN(H11)-LEN(SUBSTITUTE(H11,"|",""))+1) | V11: =IF(Q11="P",(N11+O11+P11)/3,0.3*I11+0.3*J11+0.2*K11+0.1*L11+0.1*M11) | W11: =IF(Q11="P",IF(F11="",0,IFNA(VLOOKUP(F11,Pitcher_Trait_Coef!$A:$B,2,FALSE),0))+IF(G11="",0,IFNA(VLOOKUP(G11,Pitcher_Trait_Coef!$A:$B,2,FALSE),0)),IF(F11="",0,IFNA(VLOOKUP(F11,Hitter_Trait_Coef!$A:$B,2,FALSE),0))+IF(G11="",0,IFNA(VLOOKUP(G11,Hitter_Trait_Coef!$A:$B,2,FALSE),0))) | X11: =IF(Q11="P",IFNA(VLOOKUP(B11,Pitcher_Primary_Coef!$A:$B,2,FALSE),0),IFNA(VLOOKUP(B11,Hitter_Primary_Coef!$A:$B,2,FALSE),0)) | Y11: =IF(Q11="P",0,IFNA(VLOOKUP(IF(C11="","(none)",C11),Hitter_Secondary_Coef!$A:$B,2,FALSE),0)) | Z11: =IF(Q11="P",IF(ISNUMBER(SEARCH("2F",H11)),IFNA(VLOOKUP("2F",Pitch_Coef!$A:$B,2,FALSE),0),0)+IF(ISNUMBER(SEARCH("4F",H11)),IFNA(VLOOKUP("4F",Pitch_Coef!$A:$B,2,FALSE),0),0)+IF(ISNUMBER(SEARCH("CB",H11)),IFNA(VLOOKUP("CB",Pitch_Coef!$A:$B,2,FALSE),0),0)+IF(ISNUMBER(SEARCH("CF",H11)),IFNA(VLOOKUP("CF",Pitch_Coef!$A:$B,2,FALSE),0),0)+IF(ISNUMBER(SEARCH("CH",H11)),IFNA(VLOOKUP("CH",Pitch_Coef!$A:$B,2,FALSE),0),0)+IF(ISNUMBER(SEARCH("FK",H11)),IFNA(VLOOKUP("FK",Pitch_Coef!$A:$B,2,FALSE),0),0)+IF(ISNUMBER(SEARCH("SB",H11)),IFNA(VLOOKUP("SB",Pitch_Coef!$A:$B,2,FALSE),0),0)+IF(ISNUMBER(SEARCH("SL",H11)),IFNA(VLOOKUP("SL",Pitch_Coef!$A:$B,2,FALSE),0),0),0) | AA11: =IF(Q11="P",16.5944849573+0.2529999141*N11+0.2665900378*O11+0.2632687105*P11+0.0427586837*I11+0.0534777057*J11+0.009015832*K11+0.0204898106*(O11*P11/100)+1.0091022427*U11+1.0968542297*IF(D11="L",1,0)+0.3771555045*IF(D11="S",1,0)-0.2226159177*IF(E11="L",1,0)+1.21385024*R11-1.1652812274*S11+W11+X11+Z11,10.5965166711+0.2825983581*I11+0.2806503532*J11+0.2027213083*K11+0.1147824982*L11+0.0915305332*M11-0.0088454122*(I11*J11/100)-0.0336045706*(K11*L11/100)+2.8497389733*IF(D11="L",1,0)+4.5116226727*IF(D11="S",1,0)-0.6571546448*IF(E11="L",1,0)+0.0850728147*T11+0.0129488446*(T11*T11)+0.1909373936*IF(OR(F11="Utility",G11="Utility"),T11,0)+0.9656824071*R11-1.7517683256*S11+W11+X11+Y11) | AB11: =LOOKUP(AA11,Grade_Scale!$A$2:$A$18,Grade_Scale!$B$2:$B$18) | AC11: =LOOKUP(AA11,Grade_Scale!$A$2:$A$18,Grade_Scale!$C$2:$C$18) | AE11: =IF(AD11="","",AB11-VLOOKUP(AD11,Grade_Scale!$C$2:$E$18,3,FALSE))
Q12: =IF(OR(B12="SP",B12="RP",B12="CP",B12="SP/RP"),"P","H") | R12: =IF(F12="",0,IFNA(VLOOKUP(F12,Trait_Polarity!$A:$C,2,FALSE),0))+IF(G12="",0,IFNA(VLOOKUP(G12,Trait_Polarity!$A:$C,2,FALSE),0)) | S12: =IF(F12="",0,IFNA(VLOOKUP(F12,Trait_Polarity!$A:$C,3,FALSE),0))+IF(G12="",0,IFNA(VLOOKUP(G12,Trait_Polarity!$A:$C,3,FALSE),0)) | T12: =IF(Q12="P",0,IFNA(VLOOKUP(IF(C12="","(none)",C12),Secondary_Versatility!$A:$B,2,FALSE),0)) | U12: =IF(H12="",0,LEN(H12)-LEN(SUBSTITUTE(H12,"|",""))+1) | V12: =IF(Q12="P",(N12+O12+P12)/3,0.3*I12+0.3*J12+0.2*K12+0.1*L12+0.1*M12) | W12: =IF(Q12="P",IF(F12="",0,IFNA(VLOOKUP(F12,Pitcher_Trait_Coef!$A:$B,2,FALSE),0))+IF(G12="",0,IFNA(VLOOKUP(G12,Pitcher_Trait_Coef!$A:$B,2,FALSE),0)),IF(F12="",0,IFNA(VLOOKUP(F12,Hitter_Trait_Coef!$A:$B,2,FALSE),0))+IF(G12="",0,IFNA(VLOOKUP(G12,Hitter_Trait_Coef!$A:$B,2,FALSE),0))) | X12: =IF(Q12="P",IFNA(VLOOKUP(B12,Pitcher_Primary_Coef!$A:$B,2,FALSE),0),IFNA(VLOOKUP(B12,Hitter_Primary_Coef!$A:$B,2,FALSE),0)) | Y12: =IF(Q12="P",0,IFNA(VLOOKUP(IF(C12="","(none)",C12),Hitter_Secondary_Coef!$A:$B,2,FALSE),0)) | Z12: =IF(Q12="P",IF(ISNUMBER(SEARCH("2F",H12)),IFNA(VLOOKUP("2F",Pitch_Coef!$A:$B,2,FALSE),0),0)+IF(ISNUMBER(SEARCH("4F",H12)),IFNA(VLOOKUP("4F",Pitch_Coef!$A:$B,2,FALSE),0),0)+IF(ISNUMBER(SEARCH("CB",H12)),IFNA(VLOOKUP("CB",Pitch_Coef!$A:$B,2,FALSE),0),0)+IF(ISNUMBER(SEARCH("CF",H12)),IFNA(VLOOKUP("CF",Pitch_Coef!$A:$B,2,FALSE),0),0)+IF(ISNUMBER(SEARCH("CH",H12)),IFNA(VLOOKUP("CH",Pitch_Coef!$A:$B,2,FALSE),0),0)+IF(ISNUMBER(SEARCH("FK",H12)),IFNA(VLOOKUP("FK",Pitch_Coef!$A:$B,2,FALSE),0),0)+IF(ISNUMBER(SEARCH("SB",H12)),IFNA(VLOOKUP("SB",Pitch_Coef!$A:$B,2,FALSE),0),0)+IF(ISNUMBER(SEARCH("SL",H12)),IFNA(VLOOKUP("SL",Pitch_Coef!$A:$B,2,FALSE),0),0),0) | AA12: =IF(Q12="P",16.5944849573+0.2529999141*N12+0.2665900378*O12+0.2632687105*P12+0.0427586837*I12+0.0534777057*J12+0.009015832*K12+0.0204898106*(O12*P12/100)+1.0091022427*U12+1.0968542297*IF(D12="L",1,0)+0.3771555045*IF(D12="S",1,0)-0.2226159177*IF(E12="L",1,0)+1.21385024*R12-1.1652812274*S12+W12+X12+Z12,10.5965166711+0.2825983581*I12+0.2806503532*J12+0.2027213083*K12+0.1147824982*L12+0.0915305332*M12-0.0088454122*(I12*J12/100)-0.0336045706*(K12*L12/100)+2.8497389733*IF(D12="L",1,0)+4.5116226727*IF(D12="S",1,0)-0.6571546448*IF(E12="L",1,0)+0.0850728147*T12+0.0129488446*(T12*T12)+0.1909373936*IF(OR(F12="Utility",G12="Utility"),T12,0)+0.9656824071*R12-1.7517683256*S12+W12+X12+Y12) | AB12: =LOOKUP(AA12,Grade_Scale!$A$2:$A$18,Grade_Scale!$B$2:$B$18) | AC12: =LOOKUP(AA12,Grade_Scale!$A$2:$A$18,Grade_Scale!$C$2:$C$18) | AE12: =IF(AD12="","",AB12-VLOOKUP(AD12,Grade_Scale!$C$2:$E$18,3,FALSE))
Q13: =IF(OR(B13="SP",B13="RP",B13="CP",B13="SP/RP"),"P","H") | R13: =IF(F13="",0,IFNA(VLOOKUP(F13,Trait_Polarity!$A:$C,2,FALSE),0))+IF(G13="",0,IFNA(VLOOKUP(G13,Trait_Polarity!$A:$C,2,FALSE),0)) | S13: =IF(F13="",0,IFNA(VLOOKUP(F13,Trait_Polarity!$A:$C,3,FALSE),0))+IF(G13="",0,IFNA(VLOOKUP(G13,Trait_Polarity!$A:$C,3,FALSE),0)) | T13: =IF(Q13="P",0,IFNA(VLOOKUP(IF(C13="","(none)",C13),Secondary_Versatility!$A:$B,2,FALSE),0)) | U13: =IF(H13="",0,LEN(H13)-LEN(SUBSTITUTE(H13,"|",""))+1) | V13: =IF(Q13="P",(N13+O13+P13)/3,0.3*I13+0.3*J13+0.2*K13+0.1*L13+0.1*M13) | W13: =IF(Q13="P",IF(F13="",0,IFNA(VLOOKUP(F13,Pitcher_Trait_Coef!$A:$B,2,FALSE),0))+IF(G13="",0,IFNA(VLOOKUP(G13,Pitcher_Trait_Coef!$A:$B,2,FALSE),0)),IF(F13="",0,IFNA(VLOOKUP(F13,Hitter_Trait_Coef!$A:$B,2,FALSE),0))+IF(G13="",0,IFNA(VLOOKUP(G13,Hitter_Trait_Coef!$A:$B,2,FALSE),0))) | X13: =IF(Q13="P",IFNA(VLOOKUP(B13,Pitcher_Primary_Coef!$A:$B,2,FALSE),0),IFNA(VLOOKUP(B13,Hitter_Primary_Coef!$A:$B,2,FALSE),0)) | Y13: =IF(Q13="P",0,IFNA(VLOOKUP(IF(C13="","(none)",C13),Hitter_Secondary_Coef!$A:$B,2,FALSE),0)) | Z13: =IF(Q13="P",IF(ISNUMBER(SEARCH("2F",H13)),IFNA(VLOOKUP("2F",Pitch_Coef!$A:$B,2,FALSE),0),0)+IF(ISNUMBER(SEARCH("4F",H13)),IFNA(VLOOKUP("4F",Pitch_Coef!$A:$B,2,FALSE),0),0)+IF(ISNUMBER(SEARCH("CB",H13)),IFNA(VLOOKUP("CB",Pitch_Coef!$A:$B,2,FALSE),0),0)+IF(ISNUMBER(SEARCH("CF",H13)),IFNA(VLOOKUP("CF",Pitch_Coef!$A:$B,2,FALSE),0),0)+IF(ISNUMBER(SEARCH("CH",H13)),IFNA(VLOOKUP("CH",Pitch_Coef!$A:$B,2,FALSE),0),0)+IF(ISNUMBER(SEARCH("FK",H13)),IFNA(VLOOKUP("FK",Pitch_Coef!$A:$B,2,FALSE),0),0)+IF(ISNUMBER(SEARCH("SB",H13)),IFNA(VLOOKUP("SB",Pitch_Coef!$A:$B,2,FALSE),0),0)+IF(ISNUMBER(SEARCH("SL",H13)),IFNA(VLOOKUP("SL",Pitch_Coef!$A:$B,2,FALSE),0),0),0) | AA13: =IF(Q13="P",16.5944849573+0.2529999141*N13+0.2665900378*O13+0.2632687105*P13+0.0427586837*I13+0.0534777057*J13+0.009015832*K13+0.0204898106*(O13*P13/100)+1.0091022427*U13+1.0968542297*IF(D13="L",1,0)+0.3771555045*IF(D13="S",1,0)-0.2226159177*IF(E13="L",1,0)+1.21385024*R13-1.1652812274*S13+W13+X13+Z13,10.5965166711+0.2825983581*I13+0.2806503532*J13+0.2027213083*K13+0.1147824982*L13+0.0915305332*M13-0.0088454122*(I13*J13/100)-0.0336045706*(K13*L13/100)+2.8497389733*IF(D13="L",1,0)+4.5116226727*IF(D13="S",1,0)-0.6571546448*IF(E13="L",1,0)+0.0850728147*T13+0.0129488446*(T13*T13)+0.1909373936*IF(OR(F13="Utility",G13="Utility"),T13,0)+0.9656824071*R13-1.7517683256*S13+W13+X13+Y13) | AB13: =LOOKUP(AA13,Grade_Scale!$A$2:$A$18,Grade_Scale!$B$2:$B$18) | AC13: =LOOKUP(AA13,Grade_Scale!$A$2:$A$18,Grade_Scale!$C$2:$C$18) | AE13: =IF(AD13="","",AB13-VLOOKUP(AD13,Grade_Scale!$C$2:$E$18,3,FALSE))
... Q1001: =IF(OR(B1001="SP",B1001="RP",B1001="CP",B1001="SP/RP"),"P","H") | R1001: =IF(F1001="",0,IFNA(VLOOKUP(F1001,Trait_Polarity!$A:$C,2,FALSE),0))+IF(G1001="",0,IFNA(VLOOKUP(G1001,Trait_Polarity!$A:$C,2,FALSE),0)) | S1001: =IF(F1001="",0,IFNA(VLOOKUP(F1001,Trait_Polarity!$A:$C,3,FALSE),0))+IF(G1001="",0,IFNA(VLOOKUP(G1001,Trait_Polarity!$A:$C,3,FALSE),0)) | T1001: =IF(Q1001="P",0,IFNA(VLOOKUP(IF(C1001="","(none)",C1001),Secondary_Versatility!$A:$B,2,FALSE),0)) | U1001: =IF(H1001="",0,LEN(H1001)-LEN(SUBSTITUTE(H1001,"|",""))+1) | V1001: =IF(Q1001="P",(N1001+O1001+P1001)/3,0.3*I1001+0.3*J1001+0.2*K1001+0.1*L1001+0.1*M1001) | W1001: =IF(Q1001="P",IF(F1001="",0,IFNA(VLOOKUP(F1001,Pitcher_Trait_Coef!$A:$B,2,FALSE),0))+IF(G1001="",0,IFNA(VLOOKUP(G1001,Pitcher_Trait_Coef!$A:$B,2,FALSE),0)),IF(F1001="",0,IFNA(VLOOKUP(F1001,Hitter_Trait_Coef!$A:$B,2,FALSE),0))+IF(G1001="",0,IFNA(VLOOKUP(G1001,Hitter_Trait_Coef!$A:$B,2,FALSE),0))) | X1001: =IF(Q1001="P",IFNA(VLOOKUP(B1001,Pitcher_Primary_Coef!$A:$B,2,FALSE),0),IFNA(VLOOKUP(B1001,Hitter_Primary_Coef!$A:$B,2,FALSE),0)) | Y1001: =IF(Q1001="P",0,IFNA(VLOOKUP(IF(C1001="","(none)",C1001),Hitter_Secondary_Coef!$A:$B,2,FALSE),0)) | Z1001: =IF(Q1001="P",IF(ISNUMBER(SEARCH("2F",H1001)),IFNA(VLOOKUP("2F",Pitch_Coef!$A:$B,2,FALSE),0),0)+IF(ISNUMBER(SEARCH("4F",H1001)),IFNA(VLOOKUP("4F",Pitch_Coef!$A:$B,2,FALSE),0),0)+IF(ISNUMBER(SEARCH("CB",H1001)),IFNA(VLOOKUP("CB",Pitch_Coef!$A:$B,2,FALSE),0),0)+IF(ISNUMBER(SEARCH("CF",H1001)),IFNA(VLOOKUP("CF",Pitch_Coef!$A:$B,2,FALSE),0),0)+IF(ISNUMBER(SEARCH("CH",H1001)),IFNA(VLOOKUP("CH",Pitch_Coef!$A:$B,2,FALSE),0),0)+IF(ISNUMBER(SEARCH("FK",H1001)),IFNA(VLOOKUP("FK",Pitch_Coef!$A:$B,2,FALSE),0),0)+IF(ISNUMBER(SEARCH("SB",H1001)),IFNA(VLOOKUP("SB",Pitch_Coef!$A:$B,2,FALSE),0),0)+IF(ISNUMBER(SEARCH("SL",H1001)),IFNA(VLOOKUP("SL",Pitch_Coef!$A:$B,2,FALSE),0),0),0) | AA1001: =IF(Q1001="P",16.5944849573+0.2529999141*N1001+0.2665900378*O1001+0.2632687105*P1001+0.0427586837*I1001+0.0534777057*J1001+0.009015832*K1001+0.0204898106*(O1001*P1001/100)+1.0091022427*U1001+1.0968542297*IF(D1001="L",1,0)+0.3771555045*IF(D1001="S",1,0)-0.2226159177*IF(E1001="L",1,0)+1.21385024*R1001-1.1652812274*S1001+W1001+X1001+Z1001,10.5965166711+0.2825983581*I1001+0.2806503532*J1001+0.2027213083*K1001+0.1147824982*L1001+0.0915305332*M1001-0.0088454122*(I1001*J1001/100)-0.0336045706*(K1001*L1001/100)+2.8497389733*IF(D1001="L",1,0)+4.5116226727*IF(D1001="S",1,0)-0.6571546448*IF(E1001="L",1,0)+0.0850728147*T1001+0.0129488446*(T1001*T1001)+0.1909373936*IF(OR(F1001="Utility",G1001="Utility"),T1001,0)+0.9656824071*R1001-1.7517683256*S1001+W1001+X1001+Y1001) | AB1001: =LOOKUP(AA1001,Grade_Scale!$A$2:$A$18,Grade_Scale!$B$2:$B$18) | AC1001: =LOOKUP(AA1001,Grade_Scale!$A$2:$A$18,Grade_Scale!$C$2:$C$18) | AE1001: =IF(AD1001="","",AB1001-VLOOKUP(AD1001,Grade_Scale!$C$2:$E$18,3,FALSE))

Sheet Generator
A1: Fictional Player Generator
A3: Mode (H or P) | B3: H | D3: Use the Generator tab to create a random starting player. The grade shown here is exact for the generated ratings.
A4: TargetGrade | B4: B | D4: For pitchers, type an arsenal like 4F|CF|SL|CH to include pitch-count and pitch-type effects.
A5: PrimaryPos | B5: SS | D5: If you need exact custom scoring, copy the generated line into Calculator and edit manually.
A6: SecondaryPos | B6: 2B
A7: Bats | B7: R
A8: Throws | B8: R
A9: Trait1
A10: Trait2
A11: Arsenal (optional)
A12: Pitcher BatPOW | B12: 15
A13: Pitcher BatCON | B13: 20
A14: Pitcher BatSPD | B14: 35
A16: TargetCenter | B16: =VLOOKUP(B4,Grade_Scale!$C$2:$D$18,2,FALSE)
A17: PosTraits | B17: =IF(B9="",0,IFNA(VLOOKUP(B9,Trait_Polarity!$A:$C,2,FALSE),0))+IF(B10="",0,IFNA(VLOOKUP(B10,Trait_Polarity!$A:$C,2,FALSE),0))
A18: NegTraits | B18: =IF(B9="",0,IFNA(VLOOKUP(B9,Trait_Polarity!$A:$C,3,FALSE),0))+IF(B10="",0,IFNA(VLOOKUP(B10,Trait_Polarity!$A:$C,3,FALSE),0))
A19: Versatility | B19: =IF(B3="P",0,IFNA(VLOOKUP(IF(B6="","(none)",B6),Secondary_Versatility!$A:$B,2,FALSE),0))
A20: TraitCoef | B20: =IF(B3="P",IF(B9="",0,IFNA(VLOOKUP(B9,Pitcher_Trait_Coef!$A:$B,2,FALSE),0))+IF(B10="",0,IFNA(VLOOKUP(B10,Pitcher_Trait_Coef!$A:$B,2,FALSE),0)),IF(B9="",0,IFNA(VLOOKUP(B9,Hitter_Trait_Coef!$A:$B,2,FALSE),0))+IF(B10="",0,IFNA(VLOOKUP(B10,Hitter_Trait_Coef!$A:$B,2,FALSE),0)))
A21: PrimaryCoef | B21: =IF(B3="P",IFNA(VLOOKUP(B5,Pitcher_Primary_Coef!$A:$B,2,FALSE),0),IFNA(VLOOKUP(B5,Hitter_Primary_Coef!$A:$B,2,FALSE),0))
A22: SecondaryCoef | B22: =IF(B3="P",0,IFNA(VLOOKUP(IF(B6="","(none)",B6),Hitter_Secondary_Coef!$A:$B,2,FALSE),0))
A23: PitchCoef | B23: =IF(B3="P",IF(ISNUMBER(SEARCH("2F",B11)),IFNA(VLOOKUP("2F",Pitch_Coef!$A:$B,2,FALSE),0),0)+IF(ISNUMBER(SEARCH("4F",B11)),IFNA(VLOOKUP("4F",Pitch_Coef!$A:$B,2,FALSE),0),0)+IF(ISNUMBER(SEARCH("CB",B11)),IFNA(VLOOKUP("CB",Pitch_Coef!$A:$B,2,FALSE),0),0)+IF(ISNUMBER(SEARCH("CF",B11)),IFNA(VLOOKUP("CF",Pitch_Coef!$A:$B,2,FALSE),0),0)+IF(ISNUMBER(SEARCH("CH",B11)),IFNA(VLOOKUP("CH",Pitch_Coef!$A:$B,2,FALSE),0),0)+IF(ISNUMBER(SEARCH("FK",B11)),IFNA(VLOOKUP("FK",Pitch_Coef!$A:$B,2,FALSE),0),0)+IF(ISNUMBER(SEARCH("SB",B11)),IFNA(VLOOKUP("SB",Pitch_Coef!$A:$B,2,FALSE),0),0)+IF(ISNUMBER(SEARCH("SL",B11)),IFNA(VLOOKUP("SL",Pitch_Coef!$A:$B,2,FALSE),0),0),0)
A24: ArsenalCount | B24: =IF(B11="",0,LEN(B11)-LEN(SUBSTITUTE(B11,"|",""))+1)
A25: EstimatedBase | B25: =IF(B3="P",MAX(18,MIN(96,B16-15)),MAX(15,MIN(92,B16-10)))
A28: Generated Ratings
A29: POW | B29: =IF($B$3="H",MAX(0,MIN(99,ROUND($B$25+C29+(RAND()-0.5)*18,0))),$B$12) | C29: =IF($B$5="1B",15,IF($B$5="2B",-10,IF($B$5="SS",-10,IF($B$5="3B",10,IF($B$5="LF",10,IF($B$5="CF",-10,IF($B$5="RF",5,0)))))))
A30: CON | B30: =IF($B$3="H",MAX(0,MIN(99,ROUND($B$25+C30+(RAND()-0.5)*18,0))),$B$13) | C30: =IF($B$5="2B",5,0)
A31: SPD | B31: =IF($B$3="H",MAX(0,MIN(99,ROUND($B$25+C31+(RAND()-0.5)*18,0))),$B$14) | C31: =IF($B$5="C",-10,IF($B$5="1B",-10,IF($B$5="2B",5,IF($B$5="SS",5,IF($B$5="3B",-10,IF($B$5="CF",15,IF($B$5="RF",-5,0)))))))
A32: FLD | B32: =IF($B$3="H",MAX(0,MIN(99,ROUND($B$25+C32+(RAND()-0.5)*18,0))),ROUND(40+RAND()*30,0)) | C32: =IF($B$5="C",10,IF($B$5="1B",-5,IF($B$5="SS",10,IF($B$5="LF",-5,IF($B$5="CF",5,0)))))
A33: ARM | B33: =IF($B$3="H",MAX(0,MIN(99,ROUND($B$25+C33+(RAND()-0.5)*18,0))),0) | C33: =IF($B$5="C",10,IF($B$5="SS",5,IF($B$5="3B",5,IF($B$5="LF",-5,IF($B$5="RF",10,0)))))
A34: VEL | B34: =IF($B$3="P",MAX(0,MIN(99,ROUND($B$25+C34+(RAND()-0.5)*18,0))),0) | C34: =IF($B$5="SP",-2,IF($B$5="CP",8,IF($B$5="SP/RP",3,2)))
A35: JNK | B35: =IF($B$3="P",MAX(0,MIN(99,ROUND($B$25+C35+(RAND()-0.5)*18,0))),0) | C35: =IF($B$5="SP",-3,IF($B$5="CP",5,IF($B$5="SP/RP",2,1)))
A36: ACC | B36: =IF($B$3="P",MAX(0,MIN(99,ROUND($B$25+C36+(RAND()-0.5)*18,0))),0) | C36: =IF($B$5="SP",5,IF($B$5="CP",-13,IF($B$5="SP/RP",0,-2)))
A37: NumericScore | B37: =IF($B$3="P",16.5944849573+0.2529999141*B34+0.2665900378*B35+0.2632687105*B36+0.0427586837*B29+0.0534777057*B30+0.009015832*B31+0.0204898106*(B35*B36/100)+1.0091022427*$B$24+1.0968542297*IF($B$7="L",1,0)+0.3771555045*IF($B$7="S",1,0)-0.2226159177*IF($B$8="L",1,0)+1.21385024*$B$17-1.1652812274*$B$18+$B$20+$B$21+$B$23,10.5965166711+0.2825983581*B29+0.2806503532*B30+0.2027213083*B31+0.1147824982*B32+0.0915305332*B33-0.0088454122*(B29*B30/100)-0.0336045706*(B31*B32/100)+2.8497389733*IF($B$7="L",1,0)+4.5116226727*IF($B$7="S",1,0)-0.6571546448*IF($B$8="L",1,0)+0.0850728147*$B$19+0.0129488446*($B$19*$B$19)+0.1909373936*IF(OR($B$9="Utility",$B$10="Utility"),$B$19,0)+0.9656824071*$B$17-1.7517683256*$B$18+$B$20+$B$21+$B$22)
A38: GradeIdx | B38: =LOOKUP(B37,Grade_Scale!$A$2:$A$18,Grade_Scale!$B$2:$B$18)
A39: Grade | B39: =LOOKUP(B37,Grade_Scale!$A$2:$A$18,Grade_Scale!$C$2:$C$18)
